url_path,views_total,views_unique
/cubicleguy/su_arduino_spi,8,5
/cubicleguy/su_arduino_spi/blob/main/examples/su_sampling_example/su_sampling_example.ino,3,3
/cubicleguy/su_arduino_spi/blob/main/examples/su_library_test_example/su_library_test_example.ino,1,1
/cubicleguy/su_arduino_spi/blob/main/src/epson_devices.h,1,1
/cubicleguy/su_arduino_spi/blob/main/src/imu_epson_M-Gxxx_M-Vxxx.h,1,1
/cubicleguy/su_arduino_spi/blob/main/src/imu_epson_user_def.h,1,1
/cubicleguy/su_arduino_spi/tree/main/examples,1,1
/cubicleguy/su_arduino_spi/tree/main/examples/su_library_test_example,1,1
/cubicleguy/su_arduino_spi/tree/main/examples/su_sampling_example,1,1
/cubicleguy/su_arduino_spi/tree/main/src,1,1
